"""%s"" coupon code is not valid.","Mã giảm giá""""%s""""không hợp lệ."
"%s","%s"
"%s / %s rate:","Tỷ lệ %s / %s:"
"%s for %s","%s cho %s"
"%s order(s) cannot be canceled","Đơn đặt hàng %s không thể hủy"
"%s order(s) have been canceled.","Đơn đặt hàng %s đã bị hủy."
"%s order(s) have been put on hold.","Đơn đặt hàng %s đã được hoãn lại."
"%s order(s) have been released from holding status.","Đơn đặt hàng %s được bắt đầu tình trạng giữ hàng."
"%s order(s) were not put on hold.","Không giữ lại đơn hàng %s."
"%s order(s) were not released from holding status.","Đơn đặt hàng %s không ở trạng thái giữ hàng ."
"* - Enter custom price excluding tax","* - Nhập tùy chỉnh giá bao gồm thuế"
"* - Enter custom price including tax","* - Nhập tùy chỉnh giá không bao gồm thuế"
"-- Please Select --","-- Vui lòng chọn --"
"-- Please Select Billing Agreement--","-- Vui lòng chọn thỏa thuận thanh toán--"
"About This Order:","Về đơn đặt hàng:"
"About This Profile:","Về hồ sơ:"
"About Your Invoice","Về hóa đơn của bạn"
"About Your Order","Về đơn đặt hàng của bạn"
"About Your Refund","Về vấn đề trả hàng"
"About Your Shipment","Về vấn đề gói hàng của bạn"
"Accept Payment","Đồng ý thanh toán"
"Accept or Deny Payment","Chấp nhận hoặc từ chối thanh toán"
"Account Information","Thông tin tài khoản"
"Action","Hành động"
"Actions","Hành động"
"Activate","Kích hoạt"
"Active","Hoạt động"
"Add","Thêm"
"Add New Address","Thêm địa chỉ mới"
"Add Order Comments","Thêm nhận xét đơn hàng"
"Add Package","Thêm gói hàng"
"Add Products","Thêm sản phẩm"
"Add Selected Product(s) to Option","Chọn tùy chọn cho sản phẩm"
"Add Selected Product(s) to Order","Thêm sản phẩm vào đơn đặt hàng"
"Add Selected Product(s) to Package","Thêm sản phẩm vào gói hàng"
"Add To Order","Thêm vào đơn đặt hàng"
"Add Tracking Number","Thêm số theo dõi"
"Add comment to order","Thêm nhận xét để đặt hàng"
"Add new comment to credit memo","Thêm bình luận mới để ghi nhớ tín dụng"
"Add new comment to shipment","Thêm bình luận mới cho gói hàng"
"Add new tracking number","Thêm số theo dõi mới"
"Add to Cart","Thêm vào giỏ hàng"
"Additional Product Info","Thông tin sản phẩm"
"Address","Địa chỉ"
"Address model is not defined.","Mô hình địa chỉ không được định nghĩa."
"Adjustment Fee","Phí điều chỉnh"
"Adjustment Refund","Hoàn chỉnh"
"Agreement Information","Thông tin thỏa thuận"
"Allow Reorder","Cho phép đặt hàng lại"
"Amount","Số tiền"
"Amount: %s.","Số tiền: %s."
"An error occurred while assigning order status. Status has not been assigned.","Đã xảy ra lỗi khi thêm trạng thái đơn hàng. Tình trạng chưa được giao."
"An error occurred while creating shipping label.","Xảy ra lỗi khi tạo nhãn vận chuyển."
"An error occurred while saving order status. The status has not been added.","Xảy ra lỗi khi lưu tình trạng đặt hàng. Tình trạng chưa được thêm."
"An error occurred while unassigning order status.","Xảy ra lỗi khi ấn định đơn đặt hàng."
"An error occurred while updating the order address. The address has not been changed.","Đã xảy ra lỗi khi cập nhật địa chỉ đặt hàng. Các địa chỉ đã không được thay đổi."
"An item option with code %s already exists.","Mã tùy chọn sản phẩm %s đã tồn tại."
"Anchor Custom Title","Tùy chỉnh tiêu đề"
"Append Comments","Thêm nhận xét"
"Apply","Ứng dụng"
"Apply Coupon Code","Áp dụng mã giảm giá"
"Approved the payment online.","Thanh toán trực tuyến."
"Are you sure you want to accept this payment?","Bạn có chắc muốn chấp nhận thanh toán này?"
"Are you sure you want to cancel this order?","Bạn có muốn hủy đơn đặt hàng này?"
"Are you sure you want to deny this payment?","Bạn có chắc muốn từ chối thanh toán này?"
"Are you sure you want to do this?","Bạn có chắc muốn làm điều này?"
"Are you sure you want to send Creditmemo email to customer?","Bạn có chắc muốn gửi email ghi nhớ tín dụng cho khách hàng?"
"Are you sure you want to send Invoice email to customer?","Bạn có chắc chắn bạn muốn gửi email hóa đơn cho khách hàng?"
"Are you sure you want to send Shipment email to customer?","Bạn có chắc chắn muốn gửi email gói hàng cho khách hàng?"
"Are you sure you want to send order email to customer?","Bạn có chắc muốn gửi email đơn đặt hàng cho khách hàng?"
"Are you sure you want to void the payment?","Bạn có chắc bạn muốn làm mất hiệu lực thanh toán?"
"Are you sure?","Bạn có chắc không?"
"Are you sure? This order will be canceled and a new one will be created instead","Bạn có chắc không? Lệnh này sẽ hủy bỏ và một cái mố thay thế sẽ được tạo ra"
"Assign Order Status to State","Trạng thái đơn hàng"
"Assign Status to State","Trạng thái"
"Assignment Information","Thông tin chuyển nhượng"
"At least a payment ID must be set.","Ít nhất một ID thanh toán phải được thiết lập."
"Authorization","Cho phép"
"Authorized amount of %s.","Số lượng được cho phép %s."
"Authorizing amount of %s is pending approval on gateway.","Số lượng cho phép %s đang chờ phê duyệt."
"Back","Trở về"
"Back to Billing Agreements","Trở về các hiệp định thanh toán"
"Back to My Orders","Trở về đơn đặt hàng của tôi"
"Back to Recurring Profiles","Trở về hồ sơ"
"Backordered","Giao hàng trễ"
"Bestsellers","Bán chạy nất"
"Bill to Name","Tên hóa đơn"
"Billing","Thanh toán"
"Billing Address","Địa chỉ thanh toán"
"Billing Agreement","Thỏa thuận thanh toán"
"Billing Agreement # %s","Thỏa thuận thanh toán # %s"
"Billing Agreement #%s","Thỏa thuận thanh toán #%s"
"Billing Agreement View","Xem thỏa thuận thanh toán"
"Billing Agreements","Thỏa thuận thanh toán"
"Billing Last Name","Tên hóa đơn"
"Billing ZIP Code","Mã ZIP hóa đơn"
"Buy %s for price %s","Mua %s với giá %s"
"CSV","CSV"
"Cancel","Hủy"
"Cancel credit memo","Hủy bỏ ghi nhớ"
"Cancel invoice","Hủy hóa đơn"
"Cancel order","Hủy đặt hàng"
"Canceled","Đã hủy"
"Canceled order offline.","Đã hủy ẩn đơn đặt hàng."
"Canceled order online.","Đã hủy đơn đặt hàng trực tuyến."
"Cannot add order history.","Không thể thêm lịch sử đơn đặt hàng."
"Cannot create an empty shipment.","Không thể tạo một gói hàng rỗng."
"Cannot determine the field name.","Không thể xác định tên trường."
"Cannot do invoice for order.","Không thể tạo hóa đơn cho đơn đặt hàng."
"Cannot do shipment for order.","Không thể giao hàng cho đơn đặt hàng."
"Cannot get order instance","Không thể lấy các ví dụ đặt hàng"
"Cannot get the order instance.","Không thể lấy các ví dụ đặt hàng."
"Cannot register an existing credit memo.","Không thể đăng ký một bản ghi nhớ tín dụng hiện tại."
"Cannot register existing invoice","Không thể đăng ký hóa đơn"
"Cannot register existing shipment","Không thể đăng ký gói hàng đang tồn tại"
"Capture","Đạt được"
"Capture Amount","Số lượng đạt được"
"Capture Offline","Ngoại tuyến"
"Capture Online","Trực tuyến"
"Capture invoice","Hóa đơn"
"Captured amount of %s online.""","%s số lượng trực tuyến."
"Capturing amount of %s is pending approval on gateway.","Số lượng %s đang chờ phê duyệt."
"Carrier","Nhà cung cấp"
"Carrier/Method","Nhà cung cấp/Phương thức"
"Change status, add comments","Thay đổi trạng thái, thêm nhận xét"
"Changing address information will not recalculate shipping, tax or other order amount.","Thay đổi thông tin địa chỉ sẽ không tính toán lại phí vận chuyển, thuế hoặc số đơn đặt hàng khác."
"Checkout Totals Sort Order","Thanh toán theo thứ tự"
"City","Thành phố"
"Clear Shopping Cart","Xóa giỏ hàng"
"Click to change shipping method","Nhấn vào đây để thay đổi phương thức vận chuyển"
"Close","Đóng"
"Closed","Đã đóng"
"Comma-separated.","Chia bởi dấu phẩy."
"Comment","Nhận xét"
"Comment Text","Tiêu đề nhận xét"
"Comments","Nhận xét"
"Comments History","Lịch sử nhận xét"
"Company","Công ty"
"Complete","Hoàn thành"
"Configure","Cấu hình"
"Configure and Add to Order","Cấu hình và thêm vào đơn đặt hàng"
"Contents","Nội dung"
"Continue","Tiếp tục"
"Country","Quốc gia"
"Coupons","Phiếu giảm giá"
"Create","Tạo"
"Create New Customer","Tạo khách hàng mới"
"Create New Order","Tạo đơn đặt hàng mới"
"Create New Order Status","Tạo tình trạng đơn đặt hàng mới"
"Create New Order for %s","Tạo đơn đặt hàng mới cho %s"
"Create New Order for %s in %s","Tạo đơn đặt hàng mới cho %s trong %s"
"Create New Order for New Customer","Tạo đơn đặt hàng mới cho khách hàng mới"
"Create New Order for New Customer in %s","Tạo đơn đặt hàng mới cho khách hàng mới trong %s"
"Create New Status","Tạo trạng thái mới"
"Create Packages","Tạo gói hàng"
"Create Shipment","Gói hàng"
"Create Shipping Label","Tạo thẻ vận chuyển"
"Create Shipping Label...","Tạo thẻ vận chuyển..."
"Create new credit memo for order","Tạo bản ghi nhớ tín dụng mới cho đơn đặt hàng"
"Create new invoice for order","Tạo hóa đơn mới cho đặt hàng"
"Create new shipment for order","Gói hàng mới cho đơn đặt hàng"
"Create...","Tạo..."
"Created At","Tạo tại"
"Created billing agreement #%s.","Tạo thỏa thuận thanh toán #%s."
"Created:","Đã tạo:"
"Credit Memo","Ghi nhớ tín dụng"
"Credit Memo #","Ghi nhớ tín dụng #"
"Credit Memo # ","Ghi nhớ tín dụng # "
"Credit Memo #%1$s | %3$s | %2$s (%4$s)","Ghi nhớ tín dụng #%1$s | %3$s | %2$s (%4$s)"
"Credit Memo Comment Email Sender","Nhận xét email người gửi"
"Credit Memo Comment Email Template","Nhận xét email mẫu"
"Credit Memo Comment Email Template for Guest","Nhận xét email mẫu cho khách"
"Credit Memo Comment","Nhận xét"
"Credit Memo Email Sender","Email người gửi"
"Credit Memo Email Template","Mẫu email"
"Credit Memo Email Template for Guest","Mẫu email cho khách"
"Credit Memo Update","Cập nhật"
"Credit Memo Update for Guest","Cập nhật cho khách"
"Credit Memos","Bản ghi nhớ tín dụng"
"Credit memo canceling problem.","Hủy vấn đề."
"Credit memo cannot be canceled.","Bản ghi nhớ tín dụng không được hủy."
"Credit memo has been created automatically","Bản ghi nhớ tín dụng đã được tạo ra tự động"
"Creditmemo","Bản ghi nhớ tín dụng"
"Custom Price","Tùy chọn giá"
"Custom Value","Tùy chọn giá trị"
"Customer","Khách hàng"
"Customer Can Define Start Date","Khách hàng có thể xác định ngày bắt đầu"
"Customer Email","Email khách hàng"
"Customer Group","Nhóm khách hàng"
"Customer Last Name","Họ khách hàng"
"Customer My Account Order Creditmemo View","Xem bản ghi nhớ đơn của đơn đặt hàng của tôi"
"Customer My Account Order History","Lịch sử đơn đặt hàng của tôi"
"Customer My Account Order Invoice View","Xem hóa đơn của đơn đặt hàng của tôi"
"Customer My Account Order Shipment View","Xem gói hàng của đơn đặt hàng của tôi"
"Customer My Account Order View","Xem đơn đặt hàng của tôi"
"Customer Name","Tên khách hàng"
"Customer\'s Current Activities","Hoạt động hiện tại của khách hàng"
"Customs Value","Gía trị tùy chọn"
"Date","Ngày"
"Date Shipped","Ngày giao hàng"
"Default Status","Trạng thái mặc định"
"Default Template","Mẫu mặc định"
"Default logo, will be used in PDF and HTML documents.<br />(jpeg, tiff, png)","Logo mặc định sẽ được sử dụng trong PDF và tài liệu HTML.<br />(jpeg, tiff, png)"
"Delete","Xóa"
"Delete Package","Xóa gói hàng"
"Denied the payment online.","Từ chối thanh toán trực tuyến."
"Deny Payment","Từ chối thanh toán"
"Description Message","Mô tả tin nhắn"
"Discount","Giảm giá"
"Discount (%s)","Giảm giá (%s)"
"Discount Amount","Số lượng giảm giá"
"Display Order ID in Header","Hiển thị ID đơn đặt hàng trên tiêu đề"
"Edit","Chỉnh sửa"
"Edit Order","Chỉnh sửa đơn đặt hàng"
"Edit Order #%s","Chỉnh sửa đơn đặt hàng #%s"
"Edit Order %s %s Address","%s %s Chỉnh sửa địa chỉ đơn đặt hàng"
"Edit Order Status","Chỉnh sửa tình trạng đơn đặt hàng"
"Email","Email"
"Email Address","Địa chỉ Email"
"Email Copy of Credit Memo","Bản sao email của bản ghi tín dụng"
"Email Copy of Invoice","Bản sao email của hóa đơn"
"Email Copy of Shipment","Bản sao email của gói hàng"
"Email Order Confirmation","Email xác nhận đơn đặt hàng"
"Enable","Kích hoạt"
"Enabled","Đã kích hoạt"
"Enter the billing last name and email/ZIP as in the order billing address","Nhập tên hóa đơn và email/ZIP như tỏng địa chỉ thanh toán trong đơn đặt hàng"
"Entered data is incorrect. Please try again.","Nhập dữ liệu không chính xác. Vui lòng thử lại."
"Error to Show in Shopping Cart","Lỗi hiển thị giỏ hàng"
"Excel XML","Excel XML"
"Excl. Tax","Không bao gồm thuế"
"Expired","Hết hạn"
"Explanation","Giải thích"
"Failed to cancel the billing agreement.","Không thể hủy bỏ hợp đồng thanh toán."
"Failed to create billing agreement for this order.","Không tại được thỏa thuận thanh toán cho đơn đặt hàng này"
"Failed to finish billing agreement wizard.","Không thể hoàn tất hướng dẫn thỏa thuận thanh toán"
"Failed to send the order email.","Không thể gửi email đơn hàng."
"Failed to start billing agreement wizard.","Không thể bắt đầu hướng đã thỏa thuận thanh toán."
"Failed to update the payment.","Không thể cập nhật thanh toán."
"Failed to update the profile.","Không thể cập nhật hồ sơ."
"Failed to void the payment.","Không thể làm mất hiệu lực thanh toán."
"Fetch","Lấy"
"File extension not known or unsupported type in the following shipment: %s","Phần mở rộng tập tin không biết hoặc không được hỗ trợ loại trong lô hàng sau: %s"
"Find Order By:","Tìm đơn đặt hàng bởi:"
"First Name","Tên"
"From","Từ"
"From Name","Từ tên"
"From:","Tử:"
"G.T. (Base)","G.T. (cơ bản)"
"G.T. (Purchased)","G.T. (Được mua)"
"General Information","Thông tin chung"
"Get Payment Update","Cập nhật thanh toán"
"Get Update","Cập nhật"
"Get shipping methods and rates","Các phương thức vận chuyển và mức giá"
"Gift Message","Tin nhắn quà tặng"
"Gift Message for This Order","Tin nhắn quà tặng ho đơn đặt hàng này"
"Gift Message for the Entire Order","Tin nhắn quà tặng cho toàn bộ đơn hàng"
"Gift Message for this Order","Tin nhắn quà tặng ho đơn đặt hàng này"
"Gift Options","Tùy chọn quà tặng"
"Girth","Vòng tròn"
"Grand Total","Thành tiền"
"Grand Total to be Charged","Tổng số tiền được tính"
"Guest","Khách"
"Height","Chiều cao"
"Hold","Tích trữ"
"Hold action is not available.","Tích trữ không có sẵn."
"Hold order","Đơn hàng tích trữ"
"ID","ID"
"ID #","ID #"
"IPN ""Refunded"". Refund issued by merchant. Registered notification about refunded amount of %s. Transaction ID: ""%s""","IPN """"Hoàn trả"""". Việc hoàn trả được thực hiện bởi người bán. Đăng ký thông báo về số tiền được hoàn trả %s. ID giao dịch: """"%s"""""
"If empty, the default description above will be used.","Nếu trống, mô tả mặc định ở trên sẽ được sử dụng."
"If empty, the default error above will be used.","Nếu trống, lỗi mặc định trên sẽ được sử dụng."
"If the invoice was created offline, try creating an offline creditmemo.","Nếu hóa đơn được tạo ngoại tuyến, hãy thử tạo một bản ghi ẩn."
"Incl. Tax","Đã bao gồm thuế"
"Informatio","Thông tin"
"Initial Fee","Phí ban đầu"
"Initial Fees","Phí ban đầu"
"Initial period payment","Thanh toán giai đoạn đầu"
"Insufficient information to create shipping label(s). Please verify your Store Information and Shipping Settings.","Đủ thông tin để tạo ra nhãn vận chuyển. Hãy kiểm tra thông tin cửa hàng của bạn và thiết lập vận chuyện"
"Invalid block: %s.","Khối không hợp lệ: %s."
"Invalid carrier specified.","Hãng vận chuyển không hợp lệ."
"Invalid draw line data. Please define ""lines"" array.","Dòng dữ liệu không hợp lệ. Hãy xác định mảng"dòng".";
"Invalid entity model","Mô hình tổ chức không hợp lệ";
"Invalid item option format.","Tùy chọn định dạng sản phẩm không hợp lệ."
"Invalid qty to invoice item ""%s""","Số lượng sản phẩm không hợp lệ cho hóa đơn """"%s"""""
"Invalid qty to refund item ""%s""","Số lượng không hợp lệ để hoàn trả hàng """"%s"""""
"Invalid qty to ship for item ""%s""","Số lượng không hợp lệ để vận chuyển hàng """"%s"""""
"Invalid renderer model","Mô hình kết xuất không hợp lệ"
"Invalid request for adding product to quote.","Yêu cầu không hợp lệ để thêm sản phẩm trích dẫn"
"Invoice","Hóa đơn"
"Invoice #","Hóa đơn #"
"Invoice # ","Hóa đơn # "
"Invoice #%1$s | %2$s | %4$s (%3$s)","Hóa đơn #%1$s | %2$s | %4$s (%3$s)"
"Invoice #%s","Hóa đơn #%s"
"Invoice Comment Email Sender","Email người gửi nhận xét hóa đơn"
"Invoice Comment Email Template","Mẫu email nhận xét hóa đơn"
"Invoice Comment Email Template for Guest","Mẫu email nhận xét hóa đơn cho khách"
"Invoice Comments","Nhận xét hóa đơn"
"Invoice Date","Ngày lập hóa đơn"
"Invoice Email Sender","Email người gửi hóa đơn"
"Invoice Email Template","Mẫu email hóa đơn"
"Invoice Email Template for Guest","Mẫu email cho khách"
"Invoice Update","Cập nhật"
"Invoice Update for Guest","Cập nhật cho khách"
"Invoice and Packing Slip Design","Hóa đơn và gói thiết kế trượt"
"Invoice and Ship","Hóa đơn và vận chuyển"
"Invoice canceling problem.","Vấn đề hủy hóa đơn."
"Invoice cannot be canceled.","Hóa đơn không bị hủy."
"Invoice cannot be captured.","Hóa đơn không đạt được."
"Invoice cannot be voided.","Hóa đơn không được hủy bỏ."
"Invoice capturing problem.","Vấn đề giữ hóa đơn."
"Invoice void problem","Vấn đê hóa đơn trống"
"Invoice will be created without communication with payment gateway.","Hoá đơn sẽ được tạo ra mà không giao tiếp với cổng thanh toán."
"Invoiced","Lập hóa đơn"
"Invoices","Hóa đơn"
"Is Closed","Bị đóng"
"Item","Hàng hóa"
"Item Status","Tình trạng hàng hóa"
"Item object is not specified.","Đối tượng sản phẩm không xác định."
"Item options declaration error.","Lỗi kê khai tùy chọn sản phẩm."
"Item ordered qty","Số lượng sản phẩm đặt hàng"
"Item qty declaration error.","Lỗi khai báo số lượng sản phẩm."
"Items","Sản phẩm"
"Items Invoiced","Lập hóa đơn sản phẩm"
"Items Ordered","Sản phẩm đã đặt hàng"
"Items Refunded","Hoàn trả hàng"
"Items Shipped","Hàng đã vận chyển"
"Items in the Package","Hàng trong lô hàng"
"Items maximum quantity or price do not allow checkout.","Số lượng sản phẩm trong kho không đủ để bạn thanh toán, Mời bạn chọn lại số lượng cần mua."
"Items options declaration error.","Lỗi tùy chọn hàng hóa."
"Items to Refund","Hàng hoàn trả"
"Items to Ship","Hàng để vận chuyển"
"Key","Khóa"
"Last Name","Họ"
"Last Ordered Items","Sản phẩm cuối được đặt hàng"
"Last status can\'t be unassigned from state.","Trạng thái cuối cùng không thể gán từ trạng thái."
"Length","Chiều dài"
"Link to the New Order","Liên kết với đơn đặt hàng mới"
"Link to the Previous Order","Liên kết với đơn đặt hàng trước"
"Logo for HTML Print View","Logo cho HTML Print View"
"Logo for HTML documents only. If empty, default will be used.<br />(jpeg, gif, png)","Logo của tài liệu HTML. Nếu rỗng, mặc định sẽ được sử dụng.<br />(jpeg, gif, png)"
"Logo for PDF Print-outs (200x50)","Logo của PDF Print-outs (200x50)"
"Make Check payable to:","Hãy kiểm tra thanh toán:"
"Manage","Quản lý"
"Maximum amount available to refund is %s","Số hàng tối đa để hoàn trả là %s"
"Maximum shipping amount allowed to refund is: %s","Lượng vận chuyển tối đa cho phép để hoàn trả là: %s"
"Message","Tin nhắn"
"Message:","Tin nhắn:"
"Minimum Amount","Số lượng tối thiểu"
"Minimum Order Amount","Số đơn hàng tối thiểu"
"Mixed","Pha trộn"
"Most Viewed","Xem nhiều nhất"
"Most Viewed Products Report","Báo cáo sản phẩm được xem nhiều nhất"
"Move to Shopping Cart","Chuyển đến giỏ hàng"
"Move to Wishlist","Chuyển đến danh mục yêu thích"
"Multi-address Description Message","Mô tả tin nhắn đa-địa chỉ"
"Multi-address Error to Show in Shopping Cart","Lỗi hiển thị đa-địa chỉ trong giỏ hàng"
"My Orders","Đơn hàng của tôi"
"My Orders - Details","Chi tiết đơn hàng"
"N/A","N/A"
"Name","Tên"
"New","Mới"
"New Billing Agreement","Thỏa thuận thanh toán mới"
"New Credit Memo","Thẻ ghi mới"
"New Credit Memo for Guest","Thẻ ghi mới cho khách"
"New Credit Memo for Invoice #%s","Thẻ ghi mới cho hóa đơn #%s"
"New Credit Memo for Order #%s","Thẻ ghi mới cho đơn đặt hàng #%s"
"New Invoice","Hóa đơn mới"
"New Invoice and Shipment for Order #%s","Hóa đơn mới và gói hàng cho đơn đặt hàng #%s"
"New Invoice for Guest","Hóa đơn mới cho khách"
"New Invoice for Order #%s","Hóa đơn mới cho đơn đặt hàng #%s"
"New Order","Hóa đơn mới"
"New Order Confirmation Email Sender","Gửi mail xác nhận đơn hàng mới"
"New Order Confirmation Template","Mẫu xác nhận đơn hàng"
"New Order Confirmation Template for Guest","Mẫu xác nhận đơn hàng cho khách"
"New Order RSS","Đơn hàng RSS mới"
"New Order Status","Trạng thái đơn hàng mới"
"New Order for Guest","Đơn hàng mới cho khách"
"New Shipment","Gói hàng mới"
"New Shipment for Guest","Gói hàng mới cho khách"
"New Shipment for Order #%s","Gói hàng mới của đơn đặt hàng #%s"
"Newsletter Subscription","Tin đăng ký"
"No","Không"
"No Items","Không có sản phẩm"
"No Items To Refund","Không có sản phẩm hoàn trả"
"No Payment Methods","Không có phương thức thanh toán"
"No detail for number ""%s""","Không có chi tiết về số lượng """"%s"""""
"No information available.","Không có thông tin."
"No items","Không có sản phẩm"
"No order(s) were put on hold.","Không có đơn hàng được giữ lại."
"No order(s) were released from holding status.","Không có đơn hàng nào có trạng thái giữ."
"No ordered items","Không có sản phẩm được đặt hàng"
"No shipping information available","Thông tin vận chuyển không có sẵn"
"Nominal Items","Danh nghĩa sản phẩm"
"Nominal item can be purchased standalone only. To proceed please remove other items from the quote.","Danh nghĩa sản phẩm chỉ được mua độc lập. Để tiến hành vui lòng loại bỏ các mặt hàng khác từ báo giá ."
"Nominal order registered.","Đăng  ký danh nghĩa đơn đặt hàng."
"Not Capture","Không đạt được"
"Not Initialized","Không khởi tạo"
"Not Notified","Không được thông báo"
"Not enough valid data to save the parent transaction ID.","Không đủ dữ liệu để lưu các ID giao dịc lớn."
"Notification Not Applicable","Thông báo không áp dụng"
"Notified","Thông báo"
"Notify Customer by Email","Thông báo cho khách hàng bằng Email"
"Number","Số"
"Number of Invoiced Orders","Số hóa đơn"
"Number of Orders","Số đơn đặt hàng"
"Number of Refunded Orders","Số đơn đặt hàng hoàn trả"
"OK","OK"
"Offline Refunded","Hoàn trả ngoại tuyến"
"On Hold","Giữ lại"
"Online Refunded","Hoàn trả trực tuyến"
"Order","Đơn đặt hàng"
"Order #","Đơn đặt hàng #"
"Order # ","Đơn đặt hàng # "
"Order # %s","Đơn đặt hàng # %s"
"Order # %s %s | %s","Đơn đặt hàng # %s %s | %s"
"Order #%s","ĐƠN HÀNG #%s"
"Order #%s - %s","Đơn đặt hàng #%s - %s"
"Order API","Đơn đặt hàngAPI"
"Order Address Information","Thông tin địa chỉ đơn đặt hàng"
"Order Comment","Nhận xét đơn đặt hàng"
"Order Comment Email Sender","Gửi nhận xét đơn đặt hàng qua Email"
"Order Comment Email Template","Mẫu nhận xét đơn đặt hàng qua Email"
"Order Comment Email Template for Guest","Mẫu nhận xét đơn đặt hàng qua Email cho khách"
"Order Comments","Nhận xét đơn đặt hàng"
"Order Credit Memos","Bản ghi đơn đặt hàng"
"Order Currency:","Tiền đặt hàng:"
"Order Date","Ngày đặt hàng"
"Order Date (%s)","Ngày đặt hàng (%s)"
"Order Date: ","Ngày đặt hàng: "
"Order Date: %s","Ngày đặt hàng: %s"
"Order Details","Chi tiết đơn hàng"
"Order Grand Total","Tổng đơn hàng"
"Order History","Lịch sử đơn hàng"
"Order History Info","Thông tin lịch sử đơn hàng"
"Order ID","ID đơn hàng"
"Order Information","Thông tin đơn hàng"
"Order Invoices","Hóa đơn"
"Order Shipments","Gói hàng"
"Order State","Tình trạng đơn hàng"
"Order Status","Trạng thái đơn hàng"
"Order Status Information","Thông tin trạng thái đơn hàng"
"Order Statuses","Trạng thái đơn hàng"
"Order Subtotal","Tổng số đơn hàng"
"Order Taxes Report Grouped by Tax Rates","Báo cáo thuế của đơn đặt hàng theo các mức thuế"
"Order Total","Tổng đơn đặt hàng"
"Order Totals","Tổng đơn đặt hàng"
"Order Update","Cập nhật đơn hàng"
"Order Update for Guest","Cập nhật đơn hàng cho khách"
"Order View","Xem đơn hàng"
"Order credit memo","Bản ghi đơn hàng"
"Order does not allow to be canceled.","Đơn hàng không cho phép hủy."
"Order invoice","Hóa đơn"
"Order is suspended as its capture amount %s is suspected to be fraudulent.","Đơn hàng bị dừng theo số lượng đạt được %s đang bị nghi ngờ là gian lận."
"Order object is not specified.","Đơn hàng không được xác định."
"Order saving error: %s","Lưu lỗi đơn hàng: %s"
"Order shipments","Gói hàng được đặt "
"Order status does not exist.","Tình trạng đơn hàng không tồn tại."
"Order status with the same status code already exist.","Mã trạng thái đơn hàng đã tồn tại."
"Order was placed using %s","Sử dụng đơn đặt hàng %s"
"Ordered","Đã đặt hàng"
"Ordered amount of %s.","Số lượng đơn hàng của %s."
"Ordering amount of %s is pending approval on gateway.","Số lượng đơn hàng %s đang chờ phê duyệt."
"Order","Đơn hàng"
"Orders and Returns","Đơn đặt hàng và trả về"
"Orders and Returns Search Form","Đơn đặt hàng và trả về hộp tìm kiếm"
"Original Price","Giá gốc"
"Original order item that recurring payment profile correspondss to.","Đơn hàng gốc được thanh toán định kỳ theo trong hồ sơ tương ứng."
"PDF Credit Memos","Bản ghi PDF"
"PDF Invoices"," Hóa đơn PDF"
"PDF Packingslips","Phiếu đóng gói PDF"
"PDF Print-outs","PDF Print-outs"
"PDF object is not specified.","PDF không xác định."
"PDF page object is not specified.","Trang PDF không xác định."
"PDF total model should extend Mage_Sales_Model_Order_Pdf_Total_Default","Tổng mẫu PDF nên mở rộng Mage_Sales_Model_Order_Pdf_Total_Default"
"Package","Đóng gói"
"Package types are disregarded for USPS domestic shipments.","Loại đóng gói không được đề cập cho chuyến hàng nội địa USPS."
"Packages","Đóng gói"
"Packingslip # ","Phiếu đóng gói # "
"Paid","Thanh toán"
"Paid Amount","Số tiền thanh toán"
"Parent Transaction ID","ID giao dịch cha"
"Parent transaction ID must have a transaction ID.","ID giao dịch cha phải có một ID giao dịch."
"Partial","Từng phần"
"Payment Failed","Lỗi thanh toán"
"Payment Information","Thông tin thanh toán"
"Payment Method","Phương thức thanh toán"
"Payment Method Name","Tên phương thức thanh toán"
"Payment Method:","Phương thức thanh toán:"
"Payment Review","Đánh giá thanh toán"
"Payment disallow storing objects.","Không cho phép thanh toán lưu trữ các đối tượng."
"Payment transactions disallow storing objects.","Giao dịch thanh toán không cho phép các đối tượng lưu trữ."
"Payment type","Loại thanh toán"
"Payment update has been made.","Đã cập nhật thanh toán."
"Pending","Chưa giải quyết"
"Pending Payment","Chưa giải quyết thanh toán"
"Period","Thời hạn"
"Place Order Using Billing Agreements","Đặt hàng sử dụng thỏa thuận thanh toán"
"Placed from IP","Địa chỉ IP"
"Please Select Products to Add","Vui lòng chọn sản phẩm cần thêm"
"Please Select a Customer","Chọn khách hàng"
"Please Select a Store","Chọn cửa hàng"
"Please check billing address information. %s","Vui lòng kiểm tra thông tin địa chỉ thanh toán. %s"
"Please check shipping address information. %s","Vui lòng kiểm tra thông tin địa chỉ giao hàng. %s"
"Please define PDF object before using.","Hãy xác định đối tượng PDF trước khi sử dụng."
"Please enter positive number in this field.","Vui lòng nhập số dương trong mục này."
"Please select a valid payment method.","Hãy lựa chọn một phương thức thanh toán hợp lệ."
"Please specify a shipping method.","Hãy xác định một phương thức vận chuyển."
"Please specify a valid grid column alias name that exists in grid table.","Hãy xác định một tên cột hợp lệ mà tồn tại trong các bàng."
"Price","Giá"
"Print","In"
"Print All","In tất cả"
"Print All Invoices","In tất cả hóa đơn"
"Print All Refunds","In tất cả hoàn trả"
"Print All Shipments","In tất cả các gói hàng"
"Print Credit Memos","In bản ghi"
"Print Invoice","In hóa đơn"
"Print Invoices","In hóa đơn"
"Print Order","In đơn hàng"
"Print Order # %s","n đơn hàng # %s"
"Print Packingslips","In phiếu đóng gói"
"Print Refund","In hoàn trả"
"Print Shipment","In gói hàng"
"Print Shipping Label","In thẻ vận chuyển"
"Print Shipping Labels","In thẻ vận chuyển"
"Processing","Xử lý"
"Product","Sản phẩm"
"Product Name","Tên sản phẩm"
"Products","Sản phẩm"
"Products Bestsellers Report","Báo cáo sản phẩm bán chạy nhất"
"Products in Comparison List","Sản phẩm trong Danh sách So sánh"
"Products should be added to package(s)","Sản phẩm nên được thêm vào gói hàng"
"Profile #%s","Hồ sơ #%s"
"Profile Information","Thông tin hồ sơ"
"Profile State","Tình trạng hồ sơ"
"Profit","Lợi nhuận"
"Promotion Coupons Usage Report","Báo cáo cách sử dụng phiếu giảm giá"
"Proper payment object must be set.","Thiết lập đối tượng tượng thanh toán thích hợp."
"Purchase Order Number:","Số đơn đặt hàng:"
"Purchased From","Mua hàng từ"
"Purchased From (Store)","Mua hàng từ (Cửa hàng)"
"Purchased Item","Sản phẩm đã mua"
"Purchased On","Mua trên"
"Qty","Số lượng"
"Qty Invoiced","Số lượng hóa đơn"
"Qty Ordered","Số lượng đơn hàng"
"Qty Shipped","Số lượng đã giao hàng"
"Qty To Add","Số lượng để thêm"
"Qty to Add","Số lượng để thêm"
"Qty to Invoice","Số lượng lập hóa đơn"
"Qty to Refund","Số lượng hoàn trả"
"Qty to Ship","Số lượng vận chuyển"
"Quantity Ordered","Chất lượng đơn hàng"
"Quote item id is not received.","ID báo giá sản phẩm không được nhận."
"Quote item is not loaded.","Báo giá sản phẩm không nhận được."
"Rate","Tỷ lệ"
"Recent Orders","Đơn hàng gần đây"
"Recently Compared Products","Sản phẩm so sánh gần đây"
"Recently Viewed","Xem gần đây"
"Recently Viewed Products","Sản phẩm xem gần đây"
"Recurring Profile # %s","Hồ sơ định kỳ # %s"
"Recurring Profile Initial Fee","Phí hồ sơ định kỳ ban đầu"
"Recurring Profiles","Hồ sơ định kỳ"
"Recurring Profiles (beta)","Hồ sơ định kỳ (bản thử)"
"Reference ID","ID tham khảo"
"Reference ID:","ID tham khảo:"
"Refresh","Làm mới"
"Refund","Hoàn trả"
"Refund #","Hoàn trả #"
"Refund #%s","Hoàn trả #%s"
"Refund Amount","Số hàng hoàn trả"
"Refund Offline","Hoàn trả ngoại tuyến"
"Refund Shipping","Vận chuyển hoàn trả"
"Refund Shipping (Excl. Tax)","Vận chuyển hoàn trả (Không gồm thuế)"
"Refund Shipping (Incl. Tax)","Vận chuyển hoàn trả (Gồm thuế)"
"Refund Totals","Tổng số hàng hoàn trả"
"Refunded","Đã hoàn trả"
"Refunded amount of %s offline.","Số hàng hoàn trả ngoại tuyến %s."
"Refunded amount of %s online.","Số hàng hoàn trả ngoại tuyến %s."
"Refunds","Hoàn trả"
"Registered a Void notification.","Đăng ký vô hiệu thông báo."
"Registered notification about approved payment.","Đăng ký thông báo về thanh toán đã được phê duyệt."
"Registered notification about captured amount of %s.","Đăng ký thông báo về số tiền đạt được %s."
"Registered notification about denied payment.","Đăng ký thông báo về từ chối thanh toán."
"Registered notification about refunded amount of %s.","Đăng ký thông báo về số tiền hoàn trả của %s."
"Registered update about approved payment.","Đăng ký cập nhật về thanh toán đã được phê duyệt."
"Registered update about denied payment.","Đăng ký cập nhật về từ chối thanh toán."
"Regular Payment","Thanh toán định kỳ"
"Related Orders","Đơn hàng liên quan"
"Remove","Hủy bỏ"
"Remove Coupon Code","Hủy bỏ mã giảm giá"
"Remove tracking number","Xóa số theo dõi"
"Reorder","Đặt hàng lại"
"Retrieve credit memo info","Lấy thông tin bản ghi"
"Retrieve credit memo information","Lấy thông tin bản ghi"
"Retrieve credit memo list","Danh sách bản ghi"
"Retrieve invoice info","Thông tin hóa đơn"
"Retrieve invoice information","Thông tin hóa đơn"
"Retrieve list of credit memos by filters","Lọc danh sách bản ghi"
"Retrieve list of invoices by filters","Lọc danh sách hóa đơn"
"Retrieve list of orders by filters","Lọc danh sách đơn hàng"
"Retrieve list of shipments by filters","Lọc danh sách gói hàng"
"Retrieve order information","Thông tin đơn hàng"
"Retrieve orders info","Thông tin đơn hàng"
"Retrieve shipment info","Thông tin gói hàng"
"Retrieve shipment information","Thông tin gói hàng"
"Return to Stock","Trở về Stock"
"Returned","Trở về"
"Returns","Trở vềs"
"Revenue","Doanh thu"
"Row Subtotal","Dòng tổng"
"Row Total","Tổng số dòng"
"SHIP TO:","Chuyển đến:"
"SKU","Mã sản phẩm"
"SOLD TO:","Bán cho:"
"Sales","Bán"
"Sales Discount","Giả giá"
"Sales Emails","Email bán hàng"
"Sales Emails Section","Email bán hàng"
"Sales Invoice Print View","Xem hóa đơn bán hàng"
"Sales Items","Sản phẩm bán"
"Sales Order Print View","Xem đơn hàng"
"Sales Section","Mục bán hàng"
"Sales Shipment Print View","Xem gói hàng"
"Sales Shipping","Vận chuyển"
"Sales Tax","Thuế"
"Sales Total","Tổng số"
"Same As Billing Address","Tương tự địa chỉ thanh toán"
"Save Order Address","Lưu địa chỉ đơn hàng"
"Save Status","Lưu trạng thái"
"Save Status Assignment","Lưu trạng thái chuyển giao"
"Save in address book","Lưu sách địa chỉ"
"Schedule","Lịch trình"
"Select","Chọn"
"Select All","Chọn hết"
"Select from existing customer addresses:","Chọn từ các địa chỉ khách hàng hiện tại:"
"Send Credit Memo Comment Email Copy To","Gửi bản sao nhận xét bản ghi đến Email"
"Send Credit Memo Comments Email Copy Method","Gửi bản sao phương thức nhận xét bản ghi đến Email"
"Send Credit Memo Email Copy Method","Gửi bản sao phương thức bản ghi đến Email"
"Send Credit Memo Email Copy To","Gửi bản sao bản ghi đến Email"
"Send Email","Gửi Email"
"Send Invoice Comment Email Copy To","SGửi bản sao nhận xét hóa đơn đến Email"
"Send Invoice Comments Email Copy Method","Gửi bản sao phương thức nhận xét hóa đơn đến Email"
"Send Invoice Email Copy Method","Gửi bản sao phương thức hóa đơn đến Email"
"Send Invoice Email Copy To","Gửi bản sao hóa đơn đến Email"
"Send Order Comment Email Copy To","Gửi bản sao nhận xét đơn hàng đến Email"
"Send Order Comments Email Copy Method","Gửi bản sao phương thức nhận xét đơn hàng đến Email"
"Send Order Email","Gửi đơn hàng qua Email"
"Send Order Email Copy Method","Gửi bản sao phương thức đơn hàng qua Email"
"Send Order Email Copy To","Gửi bản sao đơn hàng đến Email"
"Send Sales Emails","Gửi Emails bán hàng"
"Send Shipment Comment Email Copy To","Gửi bản sao nhận xét gói hàng đến Email"
"Send Shipment Comments Email Copy Method","Gửi bản sao phương thức nhận xét gói hàng đến Email"
"Send Shipment Email Copy Method","Gửi bản sao phương thức gói hàng qua Email "
"Send Shipment Email Copy To","Gửi bản sao gói hàng qua Email"
"Send Tracking Information","Gửi thông tin theo dõi"
"Set order for existing transactions not allowed","Thiết lập đơn đặt hàng cho các giao dịch hiện tại không cho phép"
"Ship","Vận chuyển"
"Ship To","Chuyển đến"
"Ship to Name","Chuyển đến tên"
"Shipment","Gói hàng"
"Shipment #","Gói hàng #"
"Shipment #%1$s | %3$s (%2$s)","Gói hàng #%1$s | %3$s (%2$s)"
"Shipment #%s","Gói hàng #%s"
"Shipment Comment Email Sender","Gửi Email nhận xét gói hàng"
"Shipment Comment Email Template","Mẫu nhận xét gói hàng qua Email"
"Shipment Comment Email Template for Guest","Mẫu nhận xét gói hàng qua Email cho khách"
"Shipment Comments","Nhận xét gói hàng"
"Shipment Email Sender","Gửi Email gói hàng"
"Shipment Email Template","Mẫu Email gói hàng"
"Shipment Email Template for Guest","Mẫu Email gói hàng cho khách"
"Shipment Update","Cập nhật gói hàng"
"Shipment Update for Guest","Cập nhật gói hàng cho khách"
"Shipments","Gói hàng"
"Shipped","Đã chuyển"
"Shipped By","Đã chuyển bởi"
"Shipping","Vận chuyển"
"Shipping & Handling","Phí vận chuyển"
"Shipping &amp; Handling","Vận chuyển &amp";" Xử lý"""
"Shipping &amp; Handling Information","Vận chuyển &amp";" Thông tin xử lý"""
"Shipping Address","Địa chỉ vận chuyển"
"Shipping Amount","Số lượng hàng vận chuyển"
"Shipping Information","Thông tin vận chuyển"
"Shipping Method","Phương thức vận chuyển"
"Shipping Method:","Phương thức vận chuyển:"
"Shipping Refund","Vận chuyển hoàn trả"
"Shipping and Tracking Information","Vận chuyển và Thông tin theo dõi"
"Shopping Cart","Giỏ hàng"
"Show Packages","Hiển thị gói hàng"
"Signature Confirmation","Đăng ký xác nhận"
"Signed Up From","Mẫu đăng ký"
"Size","Kích cỡ"
"Sku","Mã sản phẩm"
"Some of the products below do not have all the required options. Please edit them and configure all the required options.","Một số sản phẩm dưới đây không có tất cả các tùy chọn cần thiết. Hãy chỉnh sửa chúng và tùy chỉnh các cấu hình cần thiết."
"Sorry, no quotes are available for this order at this time.","Xin lỗi, hiện tại không có sẵn bảng báo giá."
"Source object is not specified.","Nguồn không xác định."
"Specified profile does not exist.","Hồ sơ được chỉ định không tồn tại."
"State Code [State Title]","Mã trạng thái [Tiêu đề trạng thái]"
"State/Province","Tỉnh/Thành"
"Status","Tình trạng"
"Status Code","Mã trạng thái"
"Status Label","Thẻ trạng thái"
"Status:","Trạng thái:"
"Store Credit","Thẻ cửa hàng"
"Store View Specific Labels","Thẻ xem cụ thể cửa hàng"
"Street Address","Địa chỉ đường"
"Submit Comment","Xác nhận nhận xét"
"Submit Credit Memo","Xác nhận bản ghi"
"Submit Invoice","Gửi hóa đơn"
"Submit Invoice and Shipment","Gửi hóa đơn và gói hàng"
"Submit Order","Gửi đơn hàng"
"Submit Shipment","Gửi gói hàng"
"Subscribe to Newsletter","Theo dõi bản tin"
"Subscribe to Order Status","Theo dõi tình trạng đơn hàng"
"Subtotal","Tổng cộng"
"Subtotal after discount.","Tổng số sau khi giảm giá."
"Subtotal:","Tổng số:"
"Suspected Fraud","Nghi ngờ gian lận"
"Suspend","Tạm ngưng"
"Suspended","Tạm ngưng"
"Tax","Thuế"
"Tax Amount","Số lượng thuế"
"Tax Percent","Phần trăm thuế"
"Telephone","Điện thoại"
"The Order State ""%s"" must not be set manually.","Tình trạng đơn đặt hàng """"%s"""" không được thiết lập bằng tay."
"The address total model should be extended from Mage_Sales_Model_Quote_Address_Total_Abstract.","Mô hình địa chỉ nên được mở rộng từ Mage_Sales_Model_Quote_Address_Total_Abstract."
"The billing agreement ""%s"" has been canceled.","Thỏa thuận thanh toán """"%s"""" đã bị hủy."
"The billing agreement ""%s"" has been created.","Thỏa thuận thanh toán """"%s"""" đã được tạo."
"The coupon code has been accepted.","Mã giảm giá đã được chấp nhận."
"The message has been sent.","Tin nhắn đã được gửi."
"The message was sent.","Tin nhăn đã gửi."
"The order address has been updated.","Địa chỉ đơn hàng đã được cập nhật."
"The order email has been sent","Email đơn hàng đã được gửi."
"The order has been cancelled.","Đơn hàng đã bị hủy."
"The order has been created.","Đơn hàng đã được tạo."
"The order has been put on hold.","Đơn hàng đã được giữ lại."
"The order has been released from holding status.","Đơn hàng đã bắt đầu tình trạng lưu giữ."
"The order has not been cancelled.","Đơn hàng không bị hủy."
"The order status has been assigned.","Tình trạng đơn hàng đã được giao."
"The order status has been saved.","Tình trạng đơn hàng đã được lưu."
"The order status has been unassigned.","Tình trạng đơn hàng đã được giao."
"The order was not put on hold.","Đơn hàng không được giữ lại."
"The order was not unheld.","Đơn hàng không được giữ."
"The order was placed using %s","Các đơn hàng đã sử dụng %s"
"The order(s) cannot be canceled","Đơn hàng không thể hủy"
"The payment has been accepted.","Thanh toán được chấp nhận."
"The payment has been denied","Thanh toán bị từ chối."
"The payment has been voided.","Thanh toán bị hủy bỏ."
"The profile has been updated.","Hồ sơ đã được cập nhật."
"The profile has no changes.","Hồ sơ không thay đổi."
"The profile state has been updated.","Trạng thái hồ sơ đã được cập nhật."
"The quantity you want to add exceeds the total shipped quantity for some of selected Product(s)","Số lượng bạn muốn thêm vượt quá tổng số lượng vận chuyển cho một số sản phẩm được lựa chọn"
"The requested Payment Method is not available.","Không có sẵn các phương thức thanh toán được yêu cầu."
"The shipping label has been created.","Thẻ vận chuyển đã được tạo."
"The transaction ""%s"" (%s) is already closed.","Các giao dịch """"%s"""" (%s) đã được đóng."
"The transaction ""%s"" cannot be captured yet.","Các giao dịch """"%s"""" chưa đạt được."
"The value that you entered is not valid.","Giá trị mà bạn nhập vào không hợp lệ."
"There are no billing agreements yet.","Chưa có thỏa thuận thanh toán."
"There are no printable documents related to selected orders.","Không có tài liệu liên quan đến đơn đặt hàng được chọn."
"There are no shipping labels related to selected %s.","Không có nhãn vận chuyển liên quan đến lựa chọn %s."
"There is no need to approve this payment.","Không cần phải phê duyệt thanh toán này."
"There is no need to deny this payment.","Không cần từ chối thanh toán này."
"There is no update for the payment.","Không có cập nhật cho thanh toán này."
"This message will be shown in shopping cart when subtotal after discount less than minimum amount.","Thông báo này sẽ được hiển thị trong giỏ hàng khi tổng phụ sau khi giảm giá ít hơn số tiền tối thiểu."
"This operation requires an existing transaction object.","Hoạt động này yêu cầu một đối tượng giao dịch hiện tại."
"This order contains (%s) items and therefore cannot be edited through the admin interface at this time, if you wish to continue editing the (%s) items will be removed, the order will be canceled and a new order will be placed.","Đơn hàng này chứa (% s) các mặt hàng và do đó không thể được chỉnh sửa thông qua giao diện quản trị vào thời điểm này, nếu bạn muốn tiếp tục chỉnh sửa (% s) mục sẽ bị xóa, các lệnh sẽ bị hủy bỏ và một đơn hàng mới sẽ được đặt."
"This order no longer exists.","Lệnh này không còn tồn tại."
"This product does not have any configurable options","Sản phẩm này không có tùy chọn cấu hình"
"This profile state cannot be changed to ""%s"".","Trạng thái hồ sơ này không thể được thay đổi để """"%s""""."
"This will create an offline refund. To create an online refund, open an invoice and create credit memo for it. Do you wish to proceed?","Điều này sẽ tạo ra một hoàn trả ngoại tuyến. Để tạo ra một hoàn trả trực tuyến, hãu mở một hóa đơn và tạo ra bản ghi  cho nó. Bạn có muốn tham gia?"
"Tier Pricing","Mức giá"
"Title","Tiêu đề"
"To","Đến"
"To Name","Đến"
"To:","Đế:"
"Total","Tổng số"
"Total %d product(s)","Tổng số sản phẩm %d"
"Total (ex)","Tổng (ex)"
"Total (inc)","Tổng (inc)"
"Total Due","Tổng Due"
"Total Invoiced","Tổng hóa đơn"
"Total Invoiced Paid","Tổng hóa đơn đã trả"
"Total Invoiced VS Paid Report","Tổng hóa đơn và báo cáo thanh toán VS"
"Total Invoiced not Paid","Tổng số hóa đơn chưa thanh toán"
"Total Ordered Report","Báo cáo tổng đơn hàng"
"Total Paid","Tổng đã trả"
"Total Qty","Tổng số lượng"
"Total Refund","Tổng số hoàn trả"
"Total Refunded","Tổng số đã hoàn trả"
"Total Refunded Report","Báo cáo tổng số hoàn trả"
"Total Sales Shipping","Tổng số vận chuyển"
"Total Shipped Report","Báo cáo vận chuyển"
"Total Shipping","Tổng vận chuyển"
"Total Shipping Charges","Tổng phí vận chuyển"
"Total Tax","Tổng số thuế"
"Total Weight","Tổng cân nặng"
"Track Order","Theo dõi đơn hàng"
"Track all shipment(s)","Theo dõi các gói hàng"
"Track all shipment","Theo dõi gói hàng"
"Track this shipment","Theo dõi gói hàng này"
"Track your order","Theo dõi đơn hàng của bạn"
"Tracking","Theo dõi"
"Tracking Number","Số theo dõi"
"Tracking Number(s):","Số theo dõi:"
"Transaction ""%s"" was already processed.","Giao dịch """"%s"""" đã được xử lý."
"Transaction # %s | %s,lysGiao dịch # %s | %s"
"Transaction ID","ID giao dịch"
"Transaction ID must not be empty.","ID giao dịch không được rỗng."
"Transaction ID: ""%s"".","ID giao dịch: """"%s""""."
"Transaction Type","Loại giao dịch"
"Transactions","Giao dịch"
"Trial ","Thử nghiệm"
"Trial Payment","Thanh toán thử nghiệm"
"Trial Period","Thời gian dùng thử"
"Trial period payment","Thời gian dùng thử"
"Type","Loại"
"Unassign","Hủy gán"
"Unhold","Không giữa"
"Unhold action is not available.","Hành động không giữ không có sẵn."
"Unhold order","Không giữ đơn hàng"
"Unknown State","Tình trạng không rõ"
"Unknown Status","Tình trạng không rõ"
"Unsupported transaction type ""%s"".","Loại giao dịch không được hỗ trợ """"%s""""."
"Update Changes","Cập nhật thay đổi"
"Update Items and Qty\'s","Cập nhật sản phẩm và số lượng"
"Update Qty\'s","Cập nhật số lượng"
"Updated At","Cập nhật tại"
"Updated:","Cập nhật:"
"Use Aggregated Data (beta)","Sử dụng Dữ liệu Tổng hợp (beta)"
"Use Order Status As Default","Tình trạng đơn hàng là mặc định"
"Validate Each Address Separately in Multi-address Checkout","Xác nhận mỗi địa chỉ riêng trong nhiều địa chỉ Thanh toán"
"Value","Giá trị"
"View","Xem"
"View All","Xem hết"
"View Another Order","Xem đơn hàng khác"
"View Order","Xem đơn hàng"
"Visible on Frontend","Nhìn thấy trên giao diện người dùng"
"Void","Vô hiệu"
"Void invoice","Vô hiệu hóa đơn"
"Voided authorization.","Hủy bỏ quyền."
"Website","Website"
"Weight","Trọng lượng"
"Whether buyer can define the date when billing for the profile begins.","Cho dù người mua có thể xác định ngày khi thanh toán cho các hồ sơ bắt đầu."
"Width","Chiều rộng"
"Wishlist","Danh mục yêu thích"
"Wrong billing agreement ID specified.","ID thanh toán sai quy định."
"Wrong quote item id to update configuration.","Cập nhật cấu hình ID báo giá sản phẩm sai ."
"Wrong state: ""%s"".","Lỗi trạng thái: """"%s""""."
"Yes","Đồng ý"
"You can leave a box blank if you don\'t wish to add a gift message for whole order","Bạn có thể để lại một hộp trống nếu bạn không muốn thêm một tin nhắn quà tặng cho toàn bộ đơn hàng"
"You have placed no orders.","Bạn chưa có giao dịch (đơn hàng) nào."
"You will be redirected to the payment system website.","Bạn sẽ được chuyển hướng đến trang web của hệ thống thanh toán."
"Your credit card will be charged for","Thẻ tín dụng của bạn sẽ bị tính phí cho"
"ZIP/Post Code","Mã quốc gia"
"Zip/Postal Code","Mã quốc gia"
"cm","cm"
"in","in"
"kg","kg"
"lb","lb"
"the credit memo email is not sent","Bản ghi email không được gửi"
"the credit memo email was sent","Bản ghi email được gửi"
"the invoice email is not sent","Email hóa đơn không được gửi"
"the invoice email was sent","Email hóa đơn được gửi"
"the order confirmation email is not sent","Email xác nhận đơn hàng không được gửi"
"the order confirmation email was sent","Email xác nhận đơn hàng được gửi"
"the shipment email is not sent","Email gói hàng không được gửi"
"the shipment email was sent","Email gói hàng được gửi"
